858204,2450718,235534,pv,1511658004
587599,2067643,4818107,cart,1511658004
367451,15775,4756105,pv,1511658004
428316,2478780,4284875,pv,1511658004
284910,3680091,3829657,pv,1511658004
345119,737662,4357323,pv,1511658004
551442,1762997,1879194,pv,1511658004
550384,3908776,1029459,pv,1511658004
677500,4534693,2640118,pv,1511658004
599118,2771420,4159072,pv,1511658010
684544,2335709,1451814,pv,1511658010
130320,2469137,4756105,pv,1511658010
464365,1474058,3794706,pv,1511658010
522088,4170363,149192,pv,1511658010
402626,3244134,4801426,pv,1511658010
19445,2183531,4756105,pv,1511658010
742048,3851196,4051859,pv,1511658011
43362,3244134,4801426,pv,1511658068